anzahl;vorname;geschlecht;position
26;Ali;m;1
24;Marie;w;2
23;Sophie;w;2
20;Adam;m;1
20;Noah;m;1
19;Maria;w;2
18;Mia;w;1
16;Lina;w;1
15;Ella;w;1
15;Felix;m;1
15;Liya;w;1
15;Maximilian;m;1
14;Emilia;w;1
14;Amir;m;1
14;Emma;w;1
14;Mila;w;1
13;Emil;m;1
13;Paul;m;1
13;Theo;m;1
12;Alexander;m;2
12;Lea;w;1
12;Mina;w;1
12;Ahmad;m;1
12;Mira;w;1
12;Milan;m;1
11;Amira;w;1
11;Anton;m;1
11;Mariam;w;1
11;Ben;m;1
11;Muhammed;m;1
10;Elias;m;2
10;Charlotte;w;2
10;Charlotte;w;1
10;Johanna;w;1
10;Elias;m;1
10;Leonie;w;1
10;Ilyas;m;1
10;Maria;w;1
10;Jonas;m;1
10;Meryem;w;1
10;Leon;m;1
10;Zeynep;w;1
10;Luca;m;1
10;Mohammad;m;1
9;Luise;w;2
9;Amina;w;1
9;Elif;w;1
9;Emir;m;1
9;Hannah;w;1
9;Hussein;m;1
9;Laura;w;1
9;Liam;m;1
9;Melina;w;1
9;Mohamad;m;1
9;Nora;w;1
9;Sara;w;1
9;Sophia;w;1
8;Ali;m;2
8;Paul;m;2
8;Samuel;m;2
8;Alexander;m;1
8;Finn;m;1
8;Hamza;m;1
8;Alina;w;1
8;Karl;m;1
8;Amelie;w;1
8;Marlon;m;1
8;Frieda;w;1
8;Noel;m;1
8;Jasmin;w;1
8;Youssef;m;1
8;Yusuf;m;1
8;Ömer;m;1
7;Noah;m;2
7;Anna;w;2
7;Elisabeth;w;2
7;Asya;w;1
7;Ayla;w;1
7;Ela;w;1
7;Edgar;m;1
7;Emily;w;1
7;Hassan;m;1
7;Klara;w;1
7;Henri;m;1
7;Lara;w;1
7;Milo;m;1
7;Luisa;w;1
7;Mohammed;m;1
7;Marie;w;1
7;Moritz;m;1
7;Sena;w;1
6;Jonathan;m;2
6;Leo;m;2
6;Johanna;w;2
6;Nur;w;2
6;Bruno;m;1
6;Clara;w;1
6;Daniel;m;1
6;Greta;w;1
6;David;m;1
6;Hira;w;1
6;Fabian;m;1
6;Luna;w;1
6;Jonathan;m;1
6;Medina;w;1
6;Lukas;m;1
6;Nour;w;1
6;Malik;m;1
6;Sophie;w;1
6;Mika;m;1
6;Vanessa;w;1
6;Omar;m;1
6;Victoria;w;1
6;Theodor;m;1
6;Yasin;m;1
5;Maria;w;3
5;Adam;m;2
5;Maximilian;m;2
5;Emilia;w;2
5;Lina;w;2
5;Pauline;w;2
5;Alessia;w;1
5;Alma;w;1
5;Adrian;m;1
5;Amalia;w;1
5;Berat;m;1
5;Anna;w;1
5;Can;m;1
5;Antonia;w;1
5;Filip;m;1
5;Ava;w;1
5;Fynn;m;1
5;Elisa;w;1
5;Henry;m;1
5;Eliz;w;1
5;Jan;m;1
5;Frida;w;1
5;Johannes;m;1
5;Hanna;w;1
5;Jonah;m;1
5;Jana;w;1
5;Kaan;m;1
5;Julia;w;1
5;Lennard;m;1
5;Juna;w;1
5;Leonard;m;1
5;Lena;w;1
5;Lio;m;1
5;Lia;w;1
5;Mahmoud;m;1
5;Lilly;w;1
5;Mateo;m;1
5;Lucy;w;1
5;Niklas;m;1
5;Maja;w;1
5;Richard;m;1
5;Paula;w;1
5;Samuel;m;1
5;Sofia;w;1
5;Vincent;m;1
5;Talia;w;1
5;Yakub;m;1
5;Yiğit;m;1
5;Yousef;m;1
4;Anton;m;2
4;Asaf;m;2
4;Emil;m;2
4;Amelie;w;2
4;Emilian;m;2
4;Ava;w;2
4;Gabriel;m;2
4;Elisa;w;2
4;Hamza;m;2
4;Melina;w;2
4;Joel;m;2
4;Mia;w;2
4;Johann;m;2
4;Milou;w;2
4;Konstantin;m;2
4;Rosa;w;2
4;Louis;m;2
4;Sophia;w;2
4;Luca;m;2
4;Valentina;w;2
4;Simon;m;2
4;Sven;m;2
4;Arya;w;1
4;Aurelia;w;1
4;Ayşe;w;1
4;Abbas;m;1
4;Emmi;w;1
4;Ahmet;m;1
4;Eylül;w;1
4;Antonio;m;1
4;Fatima;w;1
4;Aras;m;1
4;Hanin;w;1
4;Arthur;m;1
4;Hayat;w;1
4;Baran;m;1
4;Ida;w;1
4;Elyas;m;1
4;Isabella;w;1
4;Emilio;m;1
4;Joleen;w;1
4;Eric;m;1
4;Josephine;w;1
4;Erik;m;1
4;Laila;w;1
4;Fiete;m;1
4;Leyla;w;1
4;Hadi;m;1
4;Malina;w;1
4;Ibrahim;m;1
4;Maryam;w;1
4;Isa;m;1
4;Matilda;w;1
4;Jayden;m;1
4;Maya;w;1
4;Jona;m;1
4;Melek;w;1
4;Joshua;m;1
4;Olivia;w;1
4;Julius;m;1
4;Paulina;w;1
4;Khaled;m;1
4;Pauline;w;1
4;Leo;m;1
4;Sarah;w;1
4;Levin;m;1
4;Tuana;w;1
4;Lian;m;1
4;Viktoria;w;1
4;Louis;m;1
4;Zeinab;w;1
4;Malek;m;1
4;Mikail;m;1
4;Miraç;m;1
4;Oscar;m;1
3;Josef;m;3
3;Michael;m;3
3;Alexandra;w;2
3;Eva;w;2
3;Albert;m;2
3;Fatma;w;2
3;Benjamin;m;2
3;Gül;w;2
3;David;m;2
3;Ida;w;2
3;Emin;m;2
3;Isabelle;w;2
3;Friedrich;m;2
3;Liya;w;2
3;Georg;m;2
3;Magdalena;w;2
3;Jakob;m;2
3;Margarete;w;2
3;Jan;m;2
3;Marlene;w;2
3;Johannes;m;2
3;Mathilda;w;2
3;Levi;m;2
3;Paulina;w;2
3;Levin;m;2
3;Ravza;w;2
3;Luka;m;2
3;Rosalie;w;2
3;Miran;m;2
3;Ruth;w;2
3;Noel;m;2
3;Sofia;w;2
3;Ole;m;2
3;Zehra;w;2
3;Richard;m;2
3;Theodor;m;2
3;Valentin;m;2
3;Wolfgang;m;2
3;Yusuf;m;2
3;Amar;w;1
3;Amelia;w;1
3;Ana;w;1
3;Anastasia;w;1
3;Abdullah;m;1
3;Bayan;w;1
3;Alessio;m;1
3;Beyza;w;1
3;Amar;m;1
3;Carla;w;1
3;Amin;m;1
3;Dalia;w;1
3;Arne;m;1
3;Daria;w;1
3;Deniz;m;1
3;Defne;w;1
3;Enno;m;1
3;Eda;w;1
3;Ensar;m;1
3;Ekaterina;w;1
3;Florian;m;1
3;Elin;w;1
3;Franz;m;1
3;Elina;w;1
3;Friedrich;m;1
3;Elisabeth;w;1
3;Fritz;m;1
3;Elissa;w;1
3;Ismail;m;1
3;Erva;w;1
3;Issa;m;1
3;Eslem;w;1
3;Jaden;m;1
3;Fiona;w;1
3;Jannik;m;1
3;Gabriela;w;1
3;Jannis;m;1
3;Hailey;w;1
3;Janosch;m;1
3;Hatice;w;1
3;Jawad;m;1
3;Helena;w;1
3;John;m;1
3;Janna;w;1
3;Julian;m;1
3;Joline;w;1
3;Karim;m;1
3;Lana;w;1
3;Konstantin;m;1
3;Lavin;w;1
3;Linus;m;1
3;Layal;w;1
3;Lion;m;1
3;Leni;w;1
3;Liyan;m;1
3;Linda;w;1
3;Luan;m;1
3;Livia;w;1
3;Luka;m;1
3;Lucia;w;1
3;Mahir;m;1
3;Malika;w;1
3;Malte;m;1
3;Martha;w;1
3;Marcel;m;1
3;Mathilda;w;1
3;Maxim;m;1
3;Mavi;w;1
3;Mert;m;1
3;Merle;w;1
3;Mete;m;1
3;Meva;w;1
3;Miran;m;1
3;Milla;w;1
3;Muhammad;m;1
3;Nele;w;1
3;Nino;m;1
3;Nisa;w;1
3;Oliver;m;1
3;Ruby;w;1
3;Oskar;m;1
3;Tara;w;1
3;Philipp;m;1
3;Yade;w;1
3;Rafael;m;1
3;Yara;w;1
3;Raphael;m;1
3;Yuna;w;1
3;Ryan;m;1
3;Zahra;w;1
3;Thomas;m;1
3;Timur;m;1
3;Tobias;m;1
3;Toni;m;1
3;Yunus;m;1
3;Zayn;m;1
2;Katharina;w;4
2;Elisabeth;w;3
2;Ali;m;3
2;Marie;w;3
2;David;m;3
2;Sophie;w;3
2;Leonard;m;3
2;Maximilian;m;3
2;Mohamed;m;3
2;Ada;w;2
2;Alesia;w;2
2;Amani;w;2
2;Amelia;w;2
2;Andrea;w;2
2;Abdullah;m;2
2;Azra;w;2
2;Amin;m;2
2;Belle;w;2
2;Amir;m;2
2;Canan;w;2
2;Andreas;m;2
2;Christina;w;2
2;Antonio;m;2
2;Daria;w;2
2;Aras;m;2
2;Ela;w;2
2;Bellamy;m;2
2;Elena;w;2
2;Benedikt;m;2
2;Emma;w;2
2;Can;m;2
2;Esma;w;2
2;Christoph;m;2
2;Fatima;w;2
2;Constantin;m;2
2;Freya;w;2
2;Dean;m;2
2;Greta;w;2
2;Deniz;m;2
2;Hailey;w;2
2;Eduard;m;2
2;Hanna;w;2
2;Elian;m;2
2;Hannah;w;2
2;Emanuel;m;2
2;Isabel;w;2
2;Emir;m;2
2;Jamil;w;2
2;Emre;m;2
2;Jasmin;w;2
2;Ensar;m;2
2;Jolie;w;2
2;Eren;m;2
2;Juna;w;2
2;Erwin;m;2
2;Katharina;w;2
2;Finn;m;2
2;Klara;w;2
2;Florin;m;2
2;Lea;w;2
2;George;m;2
2;Leonie;w;2
2;Gregor;m;2
2;Leyla;w;2
2;Günter;m;2
2;Liana;w;2
2;Han;m;2
2;Lilly;w;2
2;Hüseyin;m;2
2;Linea;w;2
2;Jannis;m;2
2;Lisa;w;2
2;Janosch;m;2
2;Lorin;w;2
2;John;m;2
2;Lotte;w;2
2;Jonas;m;2
2;Louisa;w;2
2;Justus;m;2
2;Luisa;w;2
2;Kaan;m;2
2;Malina;w;2
2;Karl;m;2
2;Mara;w;2
2;Kemal;m;2
2;Marija;w;2
2;Khaled;m;2
2;Marina;w;2
2;Kurt;m;2
2;Marleen;w;2
2;Lennard;m;2
2;Matilda;w;2
2;Leonard;m;2
2;Mavi;w;2
2;Liam;m;2
2;Maya;w;2
2;Liem;m;2
2;Melek;w;2
2;Lucas;m;2
2;Melissa;w;2
2;Mael;m;2
2;Meryem;w;2
2;Mahir;m;2
2;Mina;w;2
2;Manuel;m;2
2;Mira;w;2
2;Marcel;m;2
2;Romy;w;2
2;Martin;m;2
2;Rose;w;2
2;Mats;m;2
2;Sare;w;2
2;Mattheo;m;2
2;Simone;w;2
2;Maxim;m;2
2;Su;w;2
2;Mehmet;m;2
2;Sue;w;2
2;Michael;m;2
2;Susanne;w;2
2;Michel;m;2
2;Toni;w;2
2;Milan;m;2
2;Valeria;w;2
2;Milian;m;2
2;Victoria;w;2
2;Milo;m;2
2;Yasemin;w;2
2;Mosa;m;2
2;Yağmur;w;2
2;Nael;m;2
2;Zeynep;w;2
2;Nepomuk;m;2
2;Zoe;w;2
2;Nico;m;2
2;Zoi;w;2
2;Niklas;m;2
2;Nolan;m;2
2;Osman;m;2
2;Otto;m;2
2;Patrick;m;2
2;Raphael;m;2
2;Robert;m;2
2;Said;m;2
2;Sebastian;m;2
2;Solomon;m;2
2;Thomas;m;2
2;Wilhelm;m;2
2;William;m;2
2;Yunus;m;2
2;Zeyd;m;2
2;Ömer;m;2
2;Adrijana;w;1
2;Ajla;w;1
2;Alexandra;w;1
2;Almira;w;1
2;Amaia;w;1
2;Amaya;w;1
2;Abdul;m;1
2;Amy;w;1
2;Alan;m;1
2;Angelina;w;1
2;Aleksander;m;1
2;Anni;w;1
2;Alp;m;1
2;Annika;w;1
2;Alparslan;m;1
2;Aria;w;1
2;Altay;m;1
2;Ariana;w;1
2;Alvin;m;1
2;Arin;w;1
2;Anis;m;1
2;Asel;w;1
2;Armin;m;1
2;Aziza;w;1
2;Aron;m;1
2;Azra;w;1
2;Aryan;m;1
2;Betty;w;1
2;Aslan;m;1
2;Caroline;w;1
2;Ateş;m;1
2;Cataleya;w;1
2;Ayaz;m;1
2;Celine;w;1
2;Ayham;m;1
2;Dana;w;1
2;Aziz;m;1
2;Ece;w;1
2;Benedikt;m;1
2;Ecrin;w;1
2;Berk;m;1
2;Elena;w;1
2;Caleb;m;1
2;Eleni;w;1
2;Carl;m;1
2;Emilie;w;1
2;Caspar;m;1
2;Enissa;w;1
2;Cesur;m;1
2;Esila;w;1
2;Cezar;m;1
2;Esma;w;1
2;Connor;m;1
2;Eva;w;1
2;Constantin;m;1
2;Evin;w;1
2;Damian;m;1
2;Felicia;w;1
2;Damon;m;1
2;Flora;w;1
2;Dario;m;1
2;Hana;w;1
2;Daris;m;1
2;Havin;w;1
2;Devin;m;1
2;Heidi;w;1
2;Devran;m;1
2;Hevi;w;1
2;Dominik;m;1
2;Huda;w;1
2;Ediz;m;1
2;Ilayda;w;1
2;Ege;m;1
2;Ioanna;w;1
2;Enes;m;1
2;Irma;w;1
2;Eyüp;m;1
2;Isabelle;w;1
2;Ezra;m;1
2;Janka;w;1
2;Ferhat;m;1
2;Josie;w;1
2;Gregor;m;1
2;Juli;w;1
2;Güney;m;1
2;Julie;w;1
2;Halil;m;1
2;Katharina;w;1
2;Hannes;m;1
2;Kimberly;w;1
2;Hasan;m;1
2;Kira;w;1
2;Hugo;m;1
2;Larissa;w;1
2;Igor;m;1
2;Layan;w;1
2;Ilay;m;1
2;Lene;w;1
2;Jakub;m;1
2;Leya;w;1
2;Jasper;m;1
2;Liah;w;1
2;Jibril;m;1
2;Liara;w;1
2;Joel;m;1
2;Lilia;w;1
2;Johan;m;1
2;Linnea;w;1
2;Johann;m;1
2;Lisa;w;1
2;Junis;m;1
2;Lisbeth;w;1
2;Kadir;m;1
2;Liv;w;1
2;Karam;m;1
2;Liva;w;1
2;Kassem;m;1
2;Livanur;w;1
2;Kenan;m;1
2;Liyana;w;1
2;Kian;m;1
2;Lorin;w;1
2;Kilian;m;1
2;Lorîn;w;1
2;Konrad;m;1
2;Lotta;w;1
2;Lasse;m;1
2;Louisa;w;1
2;Latif;m;1
2;Luise;w;1
2;Lean;m;1
2;Lynn;w;1
2;Leandro;m;1
2;Magdalena;w;1
2;Leano;m;1
2;Malak;w;1
2;Lenn;m;1
2;Malea;w;1
2;Lennox;m;1
2;Malia;w;1
2;Levi;m;1
2;Manal;w;1
2;Lounis;m;1
2;Mara;w;1
2;Lucas;m;1
2;Mariella;w;1
2;Ludwig;m;1
2;Marina;w;1
2;Luis;m;1
2;Marla;w;1
2;Luke;m;1
2;Marlies;w;1
2;Mael;m;1
2;Mayla;w;1
2;Maged;m;1
2;Melike;w;1
2;Matheo;m;1
2;Melis;w;1
2;Matteo;m;1
2;Meret;w;1
2;Mattis;m;1
2;Milana;w;1
2;Max;m;1
2;Milay;w;1
2;Merdan;m;1
2;Milena;w;1
2;Mica;m;1
2;Minna;w;1
2;Miles;m;1
2;Naomi;w;1
2;Miro;m;1
2;Naya;w;1
2;Mohamed;m;1
2;Nefes;w;1
2;Musa;m;1
2;Nehir;w;1
2;Mustafa;m;1
2;Neslihan;w;1
2;Nathan;m;1
2;Nina;w;1
2;Nicolas;m;1
2;Noemi;w;1
2;Nikolai;m;1
2;Oona;w;1
2;Nikolaos;m;1
2;Philine;w;1
2;Nikolas;m;1
2;Rojbin;w;1
2;Nils;m;1
2;Romi;w;1
2;Otto;m;1
2;Romy;w;1
2;Pepe;m;1
2;Ronja;w;1
2;Piet;m;1
2;Rosa;w;1
2;Poyraz;m;1
2;Rosalie;w;1
2;Qais;m;1
2;Sahra;w;1
2;Quinn;m;1
2;Sarina;w;1
2;Ragnar;m;1
2;Sarya;w;1
2;Rayan;m;1
2;Selena;w;1
2;Robin;m;1
2;Shams;w;1
2;Rohat;m;1
2;Sidra;w;1
2;Roman;m;1
2;Sinem;w;1
2;Salih;m;1
2;Sirin;w;1
2;Sascha;m;1
2;Souad;w;1
2;Seyyid;m;1
2;Stella;w;1
2;Sıraç;m;1
2;Talya;w;1
2;Sofyan;m;1
2;Veronika;w;1
2;Taavi;m;1
2;Wiktoria;w;1
2;Tahir;m;1
2;Yasna;w;1
2;Taim;m;1
2;Zahraa;w;1
2;Taym;m;1
2;Zara;w;1
2;Teodor;m;1
2;Zoey;w;1
2;Thilo;m;1
2;Zümra;w;1
2;Titus;m;1
2;Tom;m;1
2;Tony;m;1
2;Trim;m;1
2;Umut;m;1
2;Valentin;m;1
2;Viktor;m;1
2;Wael;m;1
2;Yassin;m;1
2;Younes;m;1
2;Zaid;m;1
2;Çınar;m;1
1;Salih;m;5
1;Rachele;w;5
1;Aref;m;4
1;Dieter;m;4
1;Abdel;w;4
1;Fawzi;m;4
1;Christel;w;4
1;Gracjan;m;4
1;Marie;w;4
1;Nathanael;m;4
1;Norbert;m;4
1;Tamino;m;4
1;Tony;m;4
1;Uhud;m;4
1;Adeola;w;3
1;Aleyna;w;3
1;Alice;w;3
1;Abdullah;m;3
1;Amalie;w;3
1;Afrika;m;3
1;Andrea;w;3
1;Albert;m;3
1;Anh;w;3
1;Alexander;m;3
1;Anna;w;3
1;Alfred;m;3
1;Aurora;w;3
1;Amu;m;3
1;Avery;w;3
1;Anders;m;3
1;Ayşegül;w;3
1;André;m;3
1;Azemina;w;3
1;Anton;m;3
1;Beatrix;w;3
1;Arinze;m;3
1;Blessing;w;3
1;Arún;m;3
1;Charlotte;w;3
1;Asabere;m;3
1;Chelsea;w;3
1;Axel;m;3
1;Christine;w;3
1;Babatunde;m;3
1;Claudia;w;3
1;Baran;m;3
1;Deniz;w;3
1;Ben;m;3
1;Eileen;w;3
1;Bernd;m;3
1;Elena;w;3
1;Christian;m;3
1;Emelie;w;3
1;Daniel;m;3
1;Emilienne;w;3
1;Demir;m;3
1;Frieda-Marie;w;3
1;Detlef;m;3
1;Hanife;w;3
1;El;m;3
1;Hannah;w;3
1;Emil;m;3
1;Helen;w;3
1;Erich;m;3
1;Helena;w;3
1;Erik;m;3
1;Helene;w;3
1;Felix;m;3
1;Houssainatov;w;3
1;Georges;m;3
1;Irene;w;3
1;Gerd;m;3
1;Jasim;w;3
1;Günter;m;3
1;Josephine;w;3
1;Günther;m;3
1;July;w;3
1;Hamdan;m;3
1;Kheïra;w;3
1;Hans-Joachim;m;3
1;Kresge;w;3
1;Hesham;m;3
1;Liesa;w;3
1;Holger;m;3
1;Lina;w;3
1;Horst;m;3
1;Lotti;w;3
1;Imad;m;3
1;Löwenherz;w;3
1;Jasper;m;3
1;Mahmoud;w;3
1;Joachim;m;3
1;Marina;w;3
1;Joha;m;3
1;Martha;w;3
1;Junior;m;3
1;Mato;w;3
1;Kiyan;m;3
1;Mattea;w;3
1;Klaus;m;3
1;Mbakop;w;3
1;Kurt;m;3
1;Mohamed;w;3
1;Lars;m;3
1;Naime;w;3
1;Lasse;m;3
1;Nour;w;3
1;Leander;m;3
1;Rina;w;3
1;Leo;m;3
1;Sabine;w;3
1;Levi;m;3
1;Salim;w;3
1;Leyao;m;3
1;Sara;w;3
1;Linus;m;3
1;Sigrid;w;3
1;Loic;m;3
1;Sultanija;w;3
1;Luis;m;3
1;Susi;w;3
1;Lussadisso;m;3
1;Sylvia;w;3
1;Malik;m;3
1;Thea;w;3
1;Martin;m;3
1;Tsonka;w;3
1;Mateo;m;3
1;Uta;w;3
1;Maxim;m;3
1;Valentina;w;3
1;Milagros;m;3
1;Victoria;w;3
1;Mio;m;3
1;Von;w;3
1;Momo;m;3
1;Moritz;m;3
1;Nabil;m;3
1;Nael;m;3
1;Nikola;m;3
1;Obinna;m;3
1;Otto;m;3
1;Parsons;m;3
1;Paul;m;3
1;Peter;m;3
1;Piotr;m;3
1;Primo;m;3
1;Rainer;m;3
1;Richard;m;3
1;Ronald;m;3
1;Serres;m;3
1;Seyed;m;3
1;Simon;m;3
1;Sitara;m;3
1;Star;m;3
1;Sullivan;m;3
1;Swapnil;m;3
1;Till;m;3
1;Tristan;m;3
1;Udo;m;3
1;Werner;m;3
1;Aaliyah;w;2
1;Adrianova;w;2
1;Adrijana;w;2
1;Ahmed;w;2
1;Aileen;w;2
1;Aischa;w;2
1;Akua;w;2
1;Alani;w;2
1;Alena;w;2
1;Alessia;w;2
1;Alev;w;2
1;Alexa;w;2
1;Alexandrine;w;2
1;Alexandrovna;w;2
1;Alica;w;2
1;Aliya;w;2
1;Abbas;m;2
1;Ama;w;2
1;Abdula;m;2
1;Amaal;w;2
1;Abdulrazak;m;2
1;Amalia;w;2
1;Abdurrahman;m;2
1;Amalie;w;2
1;Achei;m;2
1;Amber;w;2
1;Adel;m;2
1;Amel;w;2
1;Aden;m;2
1;Amira;w;2
1;Adil;m;2
1;Amélie;w;2
1;Adriano;m;2
1;Anabell;w;2
1;Adu;m;2
1;Anais;w;2
1;Agyekum;m;2
1;Anas;w;2
1;Ahmed;m;2
1;Anastasia;w;2
1;Ahmet;m;2
1;Andreea;w;2
1;Aiden;m;2
1;Angelica;w;2
1;Al-Abidin;m;2
1;Anna-Marie;w;2
1;Alala;m;2
1;Antje;w;2
1;Alamo;m;2
1;Antonia;w;2
1;Aleksander;m;2
1;Anyango;w;2
1;Alexej;m;2
1;Aoife;w;2
1;Alexis;m;2
1;Aroha;w;2
1;Aljoscha;m;2
1;Arwyn;w;2
1;Alois;m;2
1;Asel;w;2
1;Alp;m;2
1;Asena;w;2
1;Alparslan;m;2
1;Asisa;w;2
1;Alperen;m;2
1;Asrin;w;2
1;Alvar;m;2
1;Assata;w;2
1;Amandus;m;2
1;Asya;w;2
1;Anatoliev;m;2
1;Atia;w;2
1;Angelo;m;2
1;Aurelia;w;2
1;Aram;m;2
1;Aysima;w;2
1;Araz;m;2
1;Ayça;w;2
1;Ariyan;m;2
1;Ayşe;w;2
1;Arno;m;2
1;Babette;w;2
1;Ashraf;m;2
1;Bahiya;w;2
1;Asseu;m;2
1;Bara;w;2
1;August;m;2
1;Bastienne;w;2
1;Aurelian;m;2
1;Bensu;w;2
1;Aurelius;m;2
1;Berfin;w;2
1;Aydan;m;2
1;Berrin;w;2
1;Ayyûb;m;2
1;Bilge;w;2
1;Bachir;m;2
1;Bircan;w;2
1;Bahar;m;2
1;Birgit;w;2
1;Barin;m;2
1;Briana;w;2
1;Barnaby;m;2
1;Bridget;w;2
1;Batu;m;2
1;Bukhari;w;2
1;Ben;m;2
1;Büşra;w;2
1;Benaissa;m;2
1;Camille;w;2
1;Berkay;m;2
1;Carlotta;w;2
1;Berken;m;2
1;Carolin;w;2
1;Bernard;m;2
1;Cataleya;w;2
1;Bernd;m;2
1;Catharina;w;2
1;Bilal;m;2
1;Cecilia;w;2
1;Binov;m;2
1;Cennet;w;2
1;Bo;m;2
1;Chau;w;2
1;Bosse;m;2
1;Cheyenne;w;2
1;Boychev;m;2
1;Chidinma;w;2
1;Brian;m;2
1;Clara;w;2
1;Bris;m;2
1;Clarissa;w;2
1;Bruno;m;2
1;Claudia;w;2
1;Burak;m;2
1;Clementine;w;2
1;Byurhan;m;2
1;Clémentine;w;2
1;Bünyamin;m;2
1;Cécile;w;2
1;Canel;m;2
1;Dalia;w;2
1;Carlo;m;2
1;Daniela;w;2
1;Carsten;m;2
1;Darleen;w;2
1;Caspar;m;2
1;Darlien;w;2
1;Celestin;m;2
1;Debora;w;2
1;Cem;m;2
1;Delight;w;2
1;Cengiz;m;2
1;Deniz;w;2
1;Charly;m;2
1;Derman;w;2
1;Chase;m;2
1;Desdina;w;2
1;Chiemerie;m;2
1;Devi;w;2
1;Christian;m;2
1;Diana;w;2
1;Claudius;m;2
1;Dilara;w;2
1;Clayton;m;2
1;Dilber;w;2
1;Conan;m;2
1;Divine;w;2
1;Cosmo;m;2
1;Dominique;w;2
1;Czeslaw;m;2
1;Dorothea;w;2
1;Danchov;m;2
1;Duha;w;2
1;Daniel;m;2
1;Dundu;w;2
1;Danyal;m;2
1;Ecem;w;2
1;Darnell;m;2
1;Ecre;w;2
1;Davorin;m;2
1;Ecrin;w;2
1;Dawid;m;2
1;Efe;w;2
1;Denis;m;2
1;Elain;w;2
1;Denman;m;2
1;Elene;w;2
1;Devran;m;2
1;Eleni;w;2
1;Dietmar;m;2
1;Elfie;w;2
1;Dimitrov;m;2
1;Elfriede;w;2
1;Dliar;m;2
1;Elif;w;2
1;Dmitrievič;m;2
1;Elin;w;2
1;Dominik;m;2
1;Elise;w;2
1;Don;m;2
1;Eliz;w;2
1;Doğan;m;2
1;Eliza;w;2
1;Eckard;m;2
1;Elizabeth;w;2
1;Eckhard;m;2
1;Ellen;w;2
1;Edin;m;2
1;Eloa;w;2
1;Edward;m;2
1;Eloise;w;2
1;Efe;m;2
1;Else;w;2
1;Eghosa;m;2
1;Emilie;w;2
1;Ekin;m;2
1;Emine;w;2
1;El-Din;m;2
1;Eminova;w;2
1;Eliah;m;2
1;Enisa;w;2
1;Elio;m;2
1;Enni;w;2
1;Elior;m;2
1;Erin;w;2
1;Elisei;m;2
1;Erva;w;2
1;Elvis;m;2
1;Esila;w;2
1;Emilio;m;2
1;Eslem;w;2
1;Emilov;m;2
1;Esther;w;2
1;Emrah;m;2
1;Evelin;w;2
1;Enaël;m;2
1;Evelyn;w;2
1;Enes;m;2
1;Ezgi;w;2
1;Enver;m;2
1;Fatme;w;2
1;Erdem;m;2
1;Faye;w;2
1;Ernest;m;2
1;Felicia;w;2
1;Evgen'evič;m;2
1;Felicitas;w;2
1;Eymen;m;2
1;Feline;w;2
1;Eyüb;m;2
1;Finja;w;2
1;Eyüp;m;2
1;Florance;w;2
1;Fabian;m;2
1;Frederike;w;2
1;Fabriçe;m;2
1;Fritzi;w;2
1;Faruk;m;2
1;Frohlinde;w;2
1;Fath;m;2
1;Fulya;w;2
1;Fattah;m;2
1;Gabriela;w;2
1;Felipe;m;2
1;Gaith;w;2
1;Felix;m;2
1;Georgina;w;2
1;Fiete;m;2
1;Giovanna;w;2
1;Fiodor;m;2
1;Grace;w;2
1;Fjodor;m;2
1;Gretel;w;2
1;Florent;m;2
1;Gwendoline;w;2
1;Francis;m;2
1;Habiba;w;2
1;Frederik;m;2
1;Hajra;w;2
1;Fritz;m;2
1;Haleth;w;2
1;Fuat;m;2
1;Hamide;w;2
1;Furkan;m;2
1;Harley;w;2
1;Gagi;m;2
1;Hasan;w;2
1;Genco;m;2
1;Hazel;w;2
1;Gerhard;m;2
1;Hedda;w;2
1;Gino;m;2
1;Hedwig;w;2
1;Giuseppe;m;2
1;Hedy;w;2
1;Grzegorz;m;2
1;Helene;w;2
1;Ha-Min;m;2
1;Helmine;w;2
1;Hakan;m;2
1;Henriette;w;2
1;Halil;m;2
1;Hertha;w;2
1;Hamzë;m;2
1;Hifa;w;2
1;Harald;m;2
1;Hinata;w;2
1;Harrison;m;2
1;Hira;w;2
1;Haydar;m;2
1;Hyusein;w;2
1;Heiner;m;2
1;İkra;w;2
1;Henri;m;2
1;Ilianova;w;2
1;Henryk;m;2
1;Ilko;w;2
1;Herbert;m;2
1;Imani;w;2
1;Hermann;m;2
1;Imelda;w;2
1;Honovi;m;2
1;Ina;w;2
1;Hubert;m;2
1;Infaz;w;2
1;Hugo;m;2
1;Inge;w;2
1;İbrahim;m;2
1;Irma;w;2
1;Ibrahim;m;2
1;Irmgard;w;2
1;Ilay;m;2
1;Isabell;w;2
1;Ilkay;m;2
1;Isik;w;2
1;Imutiyan;m;2
1;Iva;w;2
1;Iorwerth;m;2
1;Ivankova;w;2
1;Iosua;m;2
1;Jada;w;2
1;Isa;m;2
1;Jale;w;2
1;İsa;m;2
1;Janine;w;2
1;Isaiah;m;2
1;Jennifer;w;2
1;İsmail;m;2
1;Joana;w;2
1;Ismar;m;2
1;Jolanda;w;2
1;Ivaylov;m;2
1;Jolanka;w;2
1;Jack;m;2
1;Joleen;w;2
1;Jaden;m;2
1;Josephine;w;2
1;Jake;m;2
1;Juli;w;2
1;Jalolovič;m;2
1;Julie;w;2
1;Jamal;m;2
1;June;w;2
1;Jamal-Eldeen;m;2
1;Kaja;w;2
1;Jamil;m;2
1;Kamsiyonna;w;2
1;Janis;m;2
1;Karina;w;2
1;Janou;m;2
1;Kathleen;w;2
1;Jaromir;m;2
1;Katjuscha;w;2
1;Javad;m;2
1;Kay;w;2
1;Jemie;m;2
1;Kecy;w;2
1;Jeppe;m;2
1;Kerstin;w;2
1;Jermaine;m;2
1;Kiara;w;2
1;Johan;m;2
1;Kim;w;2
1;Jon;m;2
1;Kira;w;2
1;Jona;m;2
1;Lale;w;2
1;Joon;m;2
1;Laura;w;2
1;Josef;m;2
1;Lavendel;w;2
1;Joseph;m;2
1;Lavinia;w;2
1;Joshua;m;2
1;Leilani;w;2
1;José;m;2
1;Lemone;w;2
1;Julien;m;2
1;Lena;w;2
1;Julius;m;2
1;Leni;w;2
1;Junes;m;2
1;Leviah;w;2
1;Justin;m;2
1;Levke;w;2
1;Jürgen;m;2
1;Lia;w;2
1;Kaleb;m;2
1;Liesa;w;2
1;Kalle;m;2
1;Lieselotte;w;2
1;Karim;m;2
1;Lilijana;w;2
1;Kartal;m;2
1;Lilja;w;2
1;Kasim;m;2
1;Linh;w;2
1;Kağan;m;2
1;Liska;w;2
1;Kevin;m;2
1;Liv;w;2
1;Kian;m;2
1;Liv-Grete;w;2
1;Kingpin;m;2
1;Liz;w;2
1;Kıvanç;m;2
1;Loki;w;2
1;Klaus;m;2
1;Lou;w;2
1;Konrad;m;2
1;Louise;w;2
1;Koray;m;2
1;Lozanne;w;2
1;Kornelius;m;2
1;Lu;w;2
1;Koç;m;2
1;Luci;w;2
1;Kristoff;m;2
1;Lucia;w;2
1;Kürşad;m;2
1;Luice;w;2
1;Kürṣat;m;2
1;Luna;w;2
1;Lars;m;2
1;Lutfulla;w;2
1;Latif;m;2
1;Luz;w;2
1;Lauri;m;2
1;Lynn;w;2
1;Lazar;m;2
1;Mae;w;2
1;Lean;m;2
1;Mai;w;2
1;Lee;m;2
1;Malea;w;2
1;Lennart;m;2
1;Malia;w;2
1;Leno;m;2
1;Malin;w;2
1;Leonardo;m;2
1;Malu;w;2
1;Leonardt;m;2
1;Marcjanna;w;2
1;Leonhard;m;2
1;Mareike;w;2
1;Linus;m;2
1;Margret;w;2
1;Livian;m;2
1;Margrit;w;2
1;Louay;m;2
1;Maria-Johanna;w;2
1;Lovis;m;2
1;Marianne;w;2
1;Low-Beer;m;2
1;Marie-Nicole;w;2
1;Loïc;m;2
1;Marietta;w;2
1;Lucius;m;2
1;Marlo;w;2
1;Lukas;m;2
1;Martinova;w;2
1;Luke;m;2
1;Masombe;w;2
1;Lutz;m;2
1;Mathilde;w;2
1;Léo;m;2
1;Maximovna;w;2
1;Léon;m;2
1;Mei;w;2
1;Magnus;m;2
1;Meliya;w;2
1;Mahmoud;m;2
1;Meliz;w;2
1;Mahmud;m;2
1;Mewael;w;2
1;Majed;m;2
1;Michaela;w;2
1;Malik;m;2
1;Michelle;w;2
1;Mallik;m;2
1;Mieke;w;2
1;Mansoor;m;2
1;Mila;w;2
1;Marcus;m;2
1;Milenova;w;2
1;Mardoheu;m;2
1;Mimi;w;2
1;Maria;m;2
1;Mine;w;2
1;Mario;m;2
1;Minooh;w;2
1;Mariusz;m;2
1;Mitkova;w;2
1;Massoud;m;2
1;Mona;w;2
1;Matheo;m;2
1;Mopelola;w;2
1;Mathias;m;2
1;Mukhammad-Aliyevna;w;2
1;Mathéo;m;2
1;Muratova;w;2
1;Matty;m;2
1;Murielle;w;2
1;Matze;m;2
1;Méx;w;2
1;Max;m;2
1;Nami;w;2
1;Maximillian;m;2
1;Natalia;w;2
1;Mazlum;m;2
1;Natascha;w;2
1;Meik;m;2
1;Naz;w;2
1;Melchior;m;2
1;Nemi;w;2
1;Meral;m;2
1;Nicole;w;2
1;Mert;m;2
1;Nike;w;2
1;Metusalem;m;2
1;Nisa;w;2
1;Michl;m;2
1;Nkole;w;2
1;Mika;m;2
1;Novalie;w;2
1;Mikael;m;2
1;Nujin;w;2
1;Mike;m;2
1;Nylah;w;2
1;Mikhailovič;m;2
1;Oghenetejiri;w;2
1;Miki;m;2
1;Olachi;w;2
1;Milton;m;2
1;Olehivna;w;2
1;Miraç;m;2
1;Olivia;w;2
1;Mohamad;m;2
1;Pailin;w;2
1;Mohamed;m;2
1;Patra;w;2
1;Mohammad;m;2
1;Patricia;w;2
1;Mojtaba;m;2
1;Penelope;w;2
1;Mousa;m;2
1;Petra;w;2
1;Moussa;m;2
1;Petrovna;w;2
1;Muhammad;m;2
1;Pheline;w;2
1;Muharrem;m;2
1;Philomena;w;2
1;Murat;m;2
1;Pirko;w;2
1;Mustafa;m;2
1;Rabea;w;2
1;Müslüm;m;2
1;Ragna;w;2
1;Nagy;m;2
1;Raim;w;2
1;Nana;m;2
1;Ramona;w;2
1;Nashwan;m;2
1;Rasima;w;2
1;Nathan;m;2
1;Raysa;w;2
1;Natthakon;m;2
1;Rayén;w;2
1;Nghĩa;m;2
1;Rebeka;w;2
1;Nhyiraba;m;2
1;Redzhebova;w;2
1;Niclas;m;2
1;Rena;w;2
1;Nicolas;m;2
1;Rojin;w;2
1;Nikola;m;2
1;Romina;w;2
1;Nikos;m;2
1;Ronja;w;2
1;Nino;m;2
1;Rosenova;w;2
1;Noa;m;2
1;Ruby;w;2
1;Nour;m;2
1;Rut;w;2
1;Novak;m;2
1;Ryom;w;2
1;Nui;m;2
1;Saada;w;2
1;Omar;m;2
1;Saadet;w;2
1;Onyebuchi;m;2
1;Sabine;w;2
1;Osama;m;2
1;Safetova;w;2
1;Osasere;m;2
1;Sahra;w;2
1;Oscar;m;2
1;Sara;w;2
1;Oskar;m;2
1;Sarinya;w;2
1;Ove;m;2
1;Sarya;w;2
1;Pacal;m;2
1;Sekela;w;2
1;Panda;m;2
1;Sena;w;2
1;Paolo;m;2
1;Serap;w;2
1;Pascal;m;2
1;Sertach;w;2
1;Paşa;m;2
1;Seval;w;2
1;Pei;m;2
1;Sevda;w;2
1;Pepe;m;2
1;Seyhan;w;2
1;Philip;m;2
1;Sherin;w;2
1;Philippe;m;2
1;Shirin;w;2
1;Pierre;m;2
1;Sila;w;2
1;Piet;m;2
1;Skadi;w;2
1;Pépin;m;2
1;Snezana;w;2
1;Quentin;m;2
1;Sofija;w;2
1;Rachid;m;2
1;Sonja;w;2
1;Rade;m;2
1;Souad;w;2
1;Radostinov;m;2
1;Soumaya;w;2
1;Rafael;m;2
1;Stella;w;2
1;Ragnar;m;2
1;Svetoslavova;w;2
1;Raul;m;2
1;Tanja;w;2
1;Reik;m;2
1;Tanselova;w;2
1;Reinhard;m;2
1;Tarek;w;2
1;Reza;m;2
1;Tate;w;2
1;Rezan;m;2
1;Temiola;w;2
1;Ricardo;m;2
1;Thea;w;2
1;Rida;m;2
1;Theodora;w;2
1;Rizk;m;2
1;Theresa;w;2
1;Roderich;m;2
1;Therése;w;2
1;Romi;m;2
1;Tiara;w;2
1;Ron;m;2
1;Uta;w;2
1;Rudi;m;2
1;Valentine;w;2
1;Salah;m;2
1;Valerie;w;2
1;Salam;m;2
1;Valerija;w;2
1;Saleh;m;2
1;Viktoria;w;2
1;Salih;m;2
1;Virginia;w;2
1;Salomon;m;2
1;Vy;w;2
1;Santiago;m;2
1;Yade;w;2
1;Santino;m;2
1;Yael;w;2
1;Sarfiraz;m;2
1;Yaren;w;2
1;Savaş;m;2
1;Ylva;w;2
1;Selim;m;2
1;Ylvie;w;2
1;Seyit;m;2
1;Yolanda;w;2
1;Seyyid;m;2
1;Yurijevna;w;2
1;Seyyîd-Alî;m;2
1;Yusuf;w;2
1;Siavash;m;2
1;Zahia;w;2
1;Sigurd;m;2
1;Zahra;w;2
1;Silas;m;2
1;Zana;w;2
1;Singh;m;2
1;Zara;w;2
1;Sıraç;m;2
1;Zaranur;w;2
1;Sirius-Ra;m;2
1;Zemzem;w;2
1;Sothunmara;m;2
1;Zofia;w;2
1;Steve;m;2
1;Zoë;w;2
1;Stoyan;m;2
1;Zuri;w;2
1;Suhail;m;2
1;Zümra;w;2
1;Suhejl;m;2
1;Élykia;w;2
1;Sîdar;m;2
1;Şadiye;w;2
1;Süleyman;m;2
1;Ștefania;w;2
1;Taha;m;2
1;Talha;m;2
1;Tammo;m;2
1;Tayfun;m;2
1;Tayler;m;2
1;Taylor;m;2
1;Tayyip;m;2
1;Theodore;m;2
1;Thiên;m;2
1;Tiberius;m;2
1;Timotheus;m;2
1;Tjark;m;2
1;Todi;m;2
1;Tol;m;2
1;Tony;m;2
1;Tufan;m;2
1;Tāwio;m;2
1;Ulrich;m;2
1;Umeyr;m;2
1;Uyiosa;m;2
1;Valentino;m;2
1;Valo;m;2
1;Viacheslavič;m;2
1;Victor;m;2
1;Vincent;m;2
1;Wai;m;2
1;Walid;m;2
1;Werner;m;2
1;West;m;2
1;Willibald;m;2
1;Yakup;m;2
1;Yamaç;m;2
1;Yan;m;2
1;Yasin;m;2
1;Yavuz;m;2
1;Yaşar;m;2
1;Yulian;m;2
1;Yuliyanov;m;2
1;Yuma;m;2
1;Yves;m;2
1;Zakaria;m;2
1;Zidan;m;2
1;Zlatko;m;2
1;Éloi;m;2
1;Ömür;m;2
1;Ümüt;m;2
1;Ünal;m;2
1;Łukasz;m;2
1;Şahin;m;2
1;Aaliyah;w;1
1;Aariyah;w;1
1;Abby;w;1
1;Abigail;w;1
1;Acelya;w;1
1;Ada;w;1
1;Adela;w;1
1;Adelina;w;1
1;Adelisa;w;1
1;Agatha;w;1
1;Agathe;w;1
1;Ahsen;w;1
1;Aarne;m;1
1;Ai;w;1
1;Aaron;m;1
1;Aisha;w;1
1;Abd;m;1
1;Aishwarya;w;1
1;Abdallah;m;1
1;Aiva;w;1
1;Abdul-Karim;m;1
1;Akira;w;1
1;Abdul-Rahim;m;1
1;Alaia;w;1
1;Abdulah;m;1
1;Alaïa;w;1
1;Abdulkarim;m;1
1;Alesija;w;1
1;Abdulmalek;m;1
1;Alessia-Maria;w;1
1;Abdulrahman;m;1
1;Alicia;w;1
1;Abdülhamid;m;1
1;Alisa;w;1
1;Aboubacar;m;1
1;Alischa;w;1
1;Adam-Julian;m;1
1;Alise;w;1
1;Adar;m;1
1;Alisia;w;1
1;Adem;m;1
1;Alissa;w;1
1;Adham;m;1
1;Aliyah;w;1
1;Adijan;m;1
1;Almila;w;1
1;Adnan;m;1
1;Alva;w;1
1;Adomas;m;1
1;Alya;w;1
1;Adon;m;1
1;Amali;w;1
1;Adrian-Halčo;m;1
1;Amaliya;w;1
1;Adriano;m;1
1;Amalys;w;1
1;Adyan;m;1
1;Amanda;w;1
1;Aghiad;m;1
1;Amanet;w;1
1;Agron;m;1
1;Amani;w;1
1;Ahmed;m;1
1;Amber;w;1
1;Akito;m;1
1;Amely;w;1
1;Akram;m;1
1;Ami;w;1
1;Alaan;m;1
1;Amy-Hope;w;1
1;Aldo;m;1
1;Amélie;w;1
1;Aleandro;m;1
1;Anabell;w;1
1;Aleksej;m;1
1;Anabelle;w;1
1;Alen;m;1
1;Anaisa;w;1
1;Alessandro;m;1
1;Anastasiya;w;1
1;Alexandru;m;1
1;Anayah;w;1
1;Alfadl;m;1
1;Anaïs;w;1
1;Alice;m;1
1;Andra;w;1
1;Aliyar;m;1
1;Andrea;w;1
1;Alwin;m;1
1;Angeliki;w;1
1;Amilio;m;1
1;Ani;w;1
1;Amor;m;1
1;Anissa;w;1
1;Amos-Elisei;m;1
1;Anita;w;1
1;Anas;m;1
1;Anna-Sophie;w;1
1;Anastasios;m;1
1;Annabell;w;1
1;Andreas;m;1
1;Annahid;w;1
1;Andriano;m;1
1;Annalia;w;1
1;André;m;1
1;Ariane;w;1
1;Angelos;m;1
1;Ariel;w;1
1;Aniel;m;1
1;Armina;w;1
1;Anik;m;1
1;Artemis;w;1
1;Anteo;m;1
1;Arwa;w;1
1;Antonino;m;1
1;Asil;w;1
1;Aqeel;m;1
1;Asiya;w;1
1;Aram;m;1
1;Aslihan;w;1
1;Araz;m;1
1;Assil;w;1
1;Arel;m;1
1;Asta;w;1
1;Arian;m;1
1;Athena;w;1
1;Arias;m;1
1;Avelina;w;1
1;Arlind;m;1
1;Avivana;w;1
1;Armann-Josef;m;1
1;Aya;w;1
1;Arnold;m;1
1;Ayaat;w;1
1;Arthas;m;1
1;Ayat;w;1
1;Artun;m;1
1;Ayda;w;1
1;Artur;m;1
1;Ayfer;w;1
1;Asan;m;1
1;Aylin;w;1
1;Asım;m;1
1;Aylina;w;1
1;Aspyn-Key;m;1
1;Ayliz;w;1
1;Ata;m;1
1;Aymelike;w;1
1;Atacan;m;1
1;Aynur;w;1
1;Atakaan;m;1
1;Aysha;w;1
1;Atakan;m;1
1;Aysu;w;1
1;Augustin;m;1
1;Aysun;w;1
1;Aurel;m;1
1;Banu;w;1
1;Ayaz-Kemal;m;1
1;Beatrice;w;1
1;Aycan;m;1
1;Beatris;w;1
1;Ayman;m;1
1;Bella;w;1
1;Ayoub;m;1
1;Berra;w;1
1;Aşir;m;1
1;Beste;w;1
1;Babacar;m;1
1;Bilge;w;1
1;Bakr;m;1
1;Blina;w;1
1;Baraa;m;1
1;Bonnie;w;1
1;Batuhan;m;1
1;Burcu;w;1
1;Baturhan;m;1
1;Büşra;w;1
1;Bedran-Isa;m;1
1;Candace;w;1
1;Bela;m;1
1;Cansel;w;1
1;Benjamin;m;1
1;Carlotta;w;1
1;Benno;m;1
1;Carmen;w;1
1;Beran;m;1
1;Carolin;w;1
1;Berdan;m;1
1;Cathaleya;w;1
1;Berkay;m;1
1;Cecile;w;1
1;Bertan;m;1
1;Cecilia;w;1
1;Binyamin;m;1
1;Celina;w;1
1;Birkan;m;1
1;Charlie;w;1
1;Blertan;m;1
1;Charlyn-Pia;w;1
1;Bo;m;1
1;Chizalam;w;1
1;Boban;m;1
1;Cidra;w;1
1;Brand;m;1
1;Clementine;w;1
1;Brian;m;1
1;Cleo;w;1
1;Buray;m;1
1;Damla;w;1
1;Bünyamin;m;1
1;Darija;w;1
1;Can-Nebi;m;1
1;Dea;w;1
1;Carlo;m;1
1;Delal;w;1
1;Carlos;m;1
1;Delia;w;1
1;Casimir;m;1
1;Delina;w;1
1;Castiel;m;1
1;Denisa-Anais;w;1
1;Cato;m;1
1;Derin;w;1
1;Cedrik;m;1
1;Desanka;w;1
1;Cem;m;1
1;Desirée;w;1
1;Cesar;m;1
1;Diana-Anna;w;1
1;Ceving;m;1
1;Diana-Nour;w;1
1;Charalampos;m;1
1;Diane;w;1
1;Charles;m;1
1;Dila;w;1
1;Charlie;m;1
1;Dilan;w;1
1;Charo;m;1
1;Dilara;w;1
1;Chidi;m;1
1;Dilek;w;1
1;Chiranjiv;m;1
1;Diola;w;1
1;Chris;m;1
1;Djennah;w;1
1;Christoper;m;1
1;Dua-Lina;w;1
1;Christoph;m;1
1;Dunja;w;1
1;Ciano;m;1
1;Dunya;w;1
1;Cillian;m;1
1;Duonuo;w;1
1;Civan;m;1
1;Džana;w;1
1;Claus;m;1
1;Ebrar;w;1
1;Cleophas;m;1
1;Ecem;w;1
1;Colin;m;1
1;Edda;w;1
1;Collin;m;1
1;Efe;w;1
1;Cuma;m;1
1;Efsun;w;1
1;Dan;m;1
1;Eila;w;1
1;Danieli;m;1
1;Eileen;w;1
1;Danilo;m;1
1;Ejsan;w;1
1;Dante;m;1
1;Elaine;w;1
1;Danyel;m;1
1;Elea;w;1
1;Darius;m;1
1;Eleen;w;1
1;Daryan;m;1
1;Elen;w;1
1;Dawid;m;1
1;Eleonora;w;1
1;Dean;m;1
1;Eliev;w;1
1;Delijan;m;1
1;Elif-Liya;w;1
1;Denis;m;1
1;Elifnur;w;1
1;Dennis;m;1
1;Eline;w;1
1;Desmond;m;1
1;Elis;w;1
1;Destiny;m;1
1;Elise;w;1
1;Deven;m;1
1;Elizabeth;w;1
1;Devrish;m;1
1;Ella-Cataleya;w;1
1;Diyako;m;1
1;Ellen;w;1
1;Donik;m;1
1;Ellena;w;1
1;Dorian;m;1
1;Elli;w;1
1;Dren;m;1
1;Ellie;w;1
1;Dániel;m;1
1;Elmas;w;1
1;Ebbe;m;1
1;Elmira;w;1
1;Eddi;m;1
1;Elsa;w;1
1;Eddy;m;1
1;Elur;w;1
1;Edin;m;1
1;Elyana;w;1
1;Edizhan;m;1
1;Ema;w;1
1;Edward;m;1
1;Emelie;w;1
1;Elaan;m;1
1;Emelie-Sophie;w;1
1;Elia;m;1
1;Emely;w;1
1;Elian;m;1
1;Emilija;w;1
1;Eliott;m;1
1;Emma-Sophie;w;1
1;Eliyan;m;1
1;Enessa;w;1
1;Eliyas;m;1
1;Enie;w;1
1;Elliot;m;1
1;Ennie;w;1
1;Elvedin;m;1
1;Erica;w;1
1;Elvis;m;1
1;Eriola;w;1
1;Emanuel;m;1
1;Ervanur;w;1
1;Emanullah;m;1
1;Esmanur;w;1
1;Emilian;m;1
1;Esmina;w;1
1;Emiliyan;m;1
1;Esra;w;1
1;Emin;m;1
1;Esraa;w;1
1;Emirhan;m;1
1;Estelle;w;1
1;Emirhan-Din;m;1
1;Evelia;w;1
1;Emre-Can;m;1
1;Evelyn;w;1
1;Emrullah;m;1
1;Ewa;w;1
1;Enescan;m;1
1;Eylem;w;1
1;Enis;m;1
1;Ezinne;w;1
1;Enrico;m;1
1;Ezra;w;1
1;Enzo-Isaak;m;1
1;Fabienne;w;1
1;Ercan;m;1
1;Fadumo;w;1
1;Erkay;m;1
1;Farah;w;1
1;Ermal;m;1
1;Farayola;w;1
1;Ersan;m;1
1;Fatemeh;w;1
1;Ertugrul;m;1
1;Fatmanur;w;1
1;Etienne;m;1
1;Fatme;w;1
1;Eylül;m;1
1;Felicitas;w;1
1;Eymen;m;1
1;Felina;w;1
1;Eymen-Asaf;m;1
1;Feline;w;1
1;Ezzêddin;m;1
1;Fenja;w;1
1;Faisal-Jamal;m;1
1;Fidan;w;1
1;Faris;m;1
1;Finja;w;1
1;Farzad;m;1
1;Fiona-Isabell;w;1
1;Fathi;m;1
1;Firdous;w;1
1;Ferdinand;m;1
1;Flavia;w;1
1;Finian;m;1
1;Florijana;w;1
1;Finn-Marcel;m;1
1;Franka;w;1
1;Finnlay;m;1
1;Franziska;w;1
1;Finnley;m;1
1;Gaia;w;1
1;Flavjo;m;1
1;Galya;w;1
1;Florin;m;1
1;Ghufran;w;1
1;Francesco;m;1
1;Grace;w;1
1;Francis;m;1
1;Greta-Marie;w;1
1;Frederik;m;1
1;Gwen;w;1
1;Friedemann;m;1
1;Gülender;w;1
1;Furkan;m;1
1;Gülistan;w;1
1;Gabor;m;1
1;Hacer;w;1
1;Gabriel;m;1
1;Hadice;w;1
1;Gabrijel;m;1
1;Hafsa;w;1
1;Giotto;m;1
1;Hala;w;1
1;Glenn;m;1
1;Halime;w;1
1;Granit;m;1
1;Hamide;w;1
1;Griffin;m;1
1;Hamza;w;1
1;Gökay;m;1
1;Hania;w;1
1;Güneykan;m;1
1;Hanna-Milena;w;1
1;Hady;m;1
1;Hariela;w;1
1;Hafiz;m;1
1;Havva;w;1
1;Haitam;m;1
1;Haya;w;1
1;Hami;m;1
1;Hayal;w;1
1;Hanjo;m;1
1;Hazal;w;1
1;Hans;m;1
1;Hedda;w;1
1;Hanyel;m;1
1;Hedi;w;1
1;Haroon;m;1
1;Helen;w;1
1;Harrie;m;1
1;Helene;w;1
1;Harry;m;1
1;Helin;w;1
1;Haso;m;1
1;Henriette;w;1
1;Havi;m;1
1;Hevin;w;1
1;Hašim;m;1
1;Hiba;w;1
1;Hedi;m;1
1;Hifanur;w;1
1;Helge;m;1
1;Hilal;w;1
1;Hendrik;m;1
1;Hilda;w;1
1;Henning;m;1
1;Hind;w;1
1;Henrie;m;1
1;Hollie;w;1
1;Henrik;m;1
1;Holly;w;1
1;Henryk;m;1
1;Hüma;w;1
1;Hidir;m;1
1;Hümeyra;w;1
1;Hippolyte;m;1
1;Iffah;w;1
1;Hisham;m;1
1;Iffet;w;1
1;Hizir;m;1
1;Ilaria;w;1
1;Hristiyan;m;1
1;İlayda;w;1
1;Hüseyin;m;1
1;Ilin;w;1
1;Iacov;m;1
1;Ilvy;w;1
1;Ian;m;1
1;Imara;w;1
1;Idir;m;1
1;Inaaya;w;1
1;Ignacy;m;1
1;Inci;w;1
1;Ilian;m;1
1;Inna;w;1
1;Ilijas;m;1
1;Irene;w;1
1;İlteriş;m;1
1;Irini;w;1
1;Imad;m;1
1;Isabell;w;1
1;Inşirah;m;1
1;Iva;w;1
1;Irinel;m;1
1;Ivana;w;1
1;İsa;m;1
1;Jamila;w;1
1;Isaac;m;1
1;Jamila-Maliya;w;1
1;Isaac-Naël;m;1
1;Jannah;w;1
1;Isak;m;1
1;Jannat;w;1
1;Iskandar;m;1
1;Jasmina;w;1
1;Ismail-Jamal;m;1
1;Jasminka;w;1
1;Isra;m;1
1;Jayda;w;1
1;Israel;m;1
1;Jaylin;w;1
1;Issam;m;1
1;Jeanelle;w;1
1;Ivan;m;1
1;Jelena;w;1
1;Jaad;m;1
1;Jelysa;w;1
1;Jaanis;m;1
1;Jenna;w;1
1;Jaano;m;1
1;Jeyla;w;1
1;Jabl;m;1
1;Jeyla-Luana;w;1
1;Jack;m;1
1;Jolanthe;w;1
1;Jacob;m;1
1;Jolie;w;1
1;Jad;m;1
1;Jona;w;1
1;Jakob;m;1
1;Josefin;w;1
1;Jalik;m;1
1;Josefine;w;1
1;Jamal;m;1
1;Jouda;w;1
1;James;m;1
1;Jouri;w;1
1;Jamilo;m;1
1;Joury;w;1
1;Janne;m;1
1;Jovana;w;1
1;Jannes;m;1
1;Jowel;w;1
1;Jannick;m;1
1;Jule;w;1
1;Jano;m;1
1;Juliana;w;1
1;Jaydon;m;1
1;Julina;w;1
1;Jeremy-Liam;m;1
1;Juno;w;1
1;Jibriel;m;1
1;Jurie;w;1
1;Jiyan;m;1
1;Kadidja;w;1
1;Joakim;m;1
1;Kailey;w;1
1;Jonne;m;1
1;Kaja;w;1
1;Jorden;m;1
1;Kajsa;w;1
1;Jorin;m;1
1;Kalina;w;1
1;Joris;m;1
1;Kalla;w;1
1;Joscha;m;1
1;Karline;w;1
1;Joshiko;m;1
1;Karlotta;w;1
1;Joud;m;1
1;Kathinka;w;1
1;Jounes;m;1
1;Kesem;w;1
1;Juliusz;m;1
1;Khadija;w;1
1;Juno;m;1
1;Khadijah;w;1
1;Junus;m;1
1;Kiana;w;1
1;Jusef;m;1
1;Kieu-Nhi;w;1
1;Justus;m;1
1;Kinan;w;1
1;Kaami;m;1
1;Kyara;w;1
1;Kacper;m;1
1;Kymo;w;1
1;Kajetan;m;1
1;Käthe;w;1
1;Kalle;m;1
1;Lais;w;1
1;Kamil;m;1
1;Laleh;w;1
1;Karlo;m;1
1;Lamiya;w;1
1;Kassim;m;1
1;Lanea;w;1
1;Kayra;m;1
1;Lanna;w;1
1;Kemal;m;1
1;Lara-Celine;w;1
1;Kendal;m;1
1;Layla;w;1
1;Keno;m;1
1;Lea-Sophie;w;1
1;Keon;m;1
1;Leah;w;1
1;Kerim;m;1
1;Leana;w;1
1;Kevin;m;1
1;Leandra;w;1
1;Khalid;m;1
1;Leia;w;1
1;Khalil;m;1
1;Lejla;w;1
1;Khodor;m;1
1;Lenia;w;1
1;Kimmo;m;1
1;Lenora;w;1
1;Kiyan;m;1
1;Leona;w;1
1;Kjell;m;1
1;Leonore;w;1
1;Kristo;m;1
1;Letizia;w;1
1;Krystian;m;1
1;Lian;w;1
1;Kubilay;m;1
1;Lianna;w;1
1;Kuma;m;1
1;Lientje;w;1
1;Lahur;m;1
1;Liesbeth;w;1
1;Laith;m;1
1;Lila;w;1
1;Lamine;m;1
1;Lilas;w;1
1;Laszlo;m;1
1;Lile;w;1
1;Lawin;m;1
1;Lili;w;1
1;Layan;m;1
1;Lilian;w;1
1;Lazar-Mateo;m;1
1;Lillith;w;1
1;Leart;m;1
1;Lillyan;w;1
1;Lenard;m;1
1;Lilo;w;1
1;Lendi;m;1
1;Lilu;w;1
1;Lennard-Elias;m;1
1;Lily;w;1
1;Lenny-Fabio;m;1
1;Lilyan;w;1
1;Leonardo;m;1
1;Lilyana;w;1
1;Leonas;m;1
1;Lin;w;1
1;Leone;m;1
1;Linea;w;1
1;Leonel;m;1
1;Linn;w;1
1;Leonhard;m;1
1;Liona;w;1
1;Leopold;m;1
1;Lisanne;w;1
1;Lev;m;1
1;Lisha;w;1
1;Lewi;m;1
1;Liya-Elif;w;1
1;Leyth;m;1
1;Liz;w;1
1;Liam-Konstantin;m;1
1;Lizbeth;w;1
1;Lias;m;1
1;Lojain;w;1
1;Liev;m;1
1;Lola;w;1
1;Lino;m;1
1;Lorena-Elizía;w;1
1;Lionel;m;1
1;Lori;w;1
1;Lior;m;1
1;Lorina;w;1
1;Lirend;m;1
1;Lou;w;1
1;Lirian;m;1
1;Louane;w;1
1;Livio;m;1
1;Louise;w;1
1;Loran;m;1
1;Louna;w;1
1;Lord;m;1
1;Lovisa;w;1
1;Lorenz;m;1
1;Luana;w;1
1;Lorik;m;1
1;Luciana;w;1
1;Lou;m;1
1;Luwana;w;1
1;Louay;m;1
1;Lyndie;w;1
1;Louis-Svetozar;m;1
1;Maheen;w;1
1;Lovre;m;1
1;Mai-Nhi;w;1
1;Luca-Maik;m;1
1;Maila;w;1
1;Lucian;m;1
1;Malea-Marina;w;1
1;Lucka;m;1
1;Malena;w;1
1;Maddox;m;1
1;Maliha;w;1
1;Mads;m;1
1;Malin;w;1
1;Maher;m;1
1;Maliya;w;1
1;Mahmod;m;1
1;Malou;w;1
1;Mak;m;1
1;Manessa;w;1
1;Maksim;m;1
1;Margareta;w;1
1;Maksymilian;m;1
1;Margherita;w;1
1;Malu;m;1
1;Margot;w;1
1;Manu;m;1
1;Maria-Elena;w;1
1;Manuel;m;1
1;Mariana;w;1
1;Marcelino-Ivan;m;1
1;Marika;w;1
1;Mario;m;1
1;Marisa;w;1
1;Mark;m;1
1;Marié;w;1
1;Marlo;m;1
1;Marlene;w;1
1;Marvin;m;1
1;Marseille;w;1
1;Marvin-Neo;m;1
1;Marta;w;1
1;Matei;m;1
1;Martam;w;1
1;Mathusalem;m;1
1;Marwa;w;1
1;Matias;m;1
1;Mary;w;1
1;Mats;m;1
1;Masal;w;1
1;Matteo-Elyas;m;1
1;Masha;w;1
1;Matthias;m;1
1;Mathea;w;1
1;Matti;m;1
1;Matluba;w;1
1;Maurice;m;1
1;Mayada;w;1
1;Maximilyan;m;1
1;Meadow;w;1
1;Maxsim;m;1
1;Mehria;w;1
1;Mehdi;m;1
1;Melia;w;1
1;Mehmet;m;1
1;Meliha;w;1
1;Meicel-Anthony;m;1
1;Melissa;w;1
1;Meilo;m;1
1;Mella;w;1
1;Melih;m;1
1;Merisa;w;1
1;Meliodas;m;1
1;Meyra;w;1
1;Mertcan;m;1
1;Mia-Mathilda;w;1
1;Mesut;m;1
1;Mia-Sophie;w;1
1;Michael;m;1
1;Micar;w;1
1;Michel;m;1
1;Mihriban;w;1
1;Miguel;m;1
1;Mihrimah;w;1
1;Mikko;m;1
1;Mika;w;1
1;Miko;m;1
1;Mileidi;w;1
1;Milad;m;1
1;Minami;w;1
1;Milas;m;1
1;Minessa;w;1
1;Milos;m;1
1;Miou;w;1
1;Milou;m;1
1;Mirabelle;w;1
1;Mina;m;1
1;Miran;w;1
1;Mirac;m;1
1;Miray;w;1
1;Miras;m;1
1;Mirella;w;1
1;Miron;m;1
1;Miriam;w;1
1;Mogli;m;1
1;Molli;w;1
1;Moien;m;1
1;Mona;w;1
1;Momo;m;1
1;Mulela;w;1
1;Mouth;m;1
1;Muniba;w;1
1;Mubin;m;1
1;Naba;w;1
1;Muhammet;m;1
1;Nada;w;1
1;Musab;m;1
1;Nadia;w;1
1;Myron;m;1
1;Nafissa;w;1
1;Mîral;m;1
1;Naima;w;1
1;Mîran;m;1
1;Narjes;w;1
1;Müslüm;m;1
1;Natalia;w;1
1;Nael;m;1
1;Nazla;w;1
1;Naphon;m;1
1;Nejla;w;1
1;Nasser;m;1
1;Nelina;w;1
1;Natan;m;1
1;Nelli;w;1
1;Nathanael;m;1
1;Neslisah;w;1
1;Nathaniel;m;1
1;Nesrin;w;1
1;Nayef;m;1
1;Nevra;w;1
1;Nemr;m;1
1;Neyla;w;1
1;Neo;m;1
1;Nia;w;1
1;Nero;m;1
1;Nicole;w;1
1;Nick;m;1
1;Nihal;w;1
1;Niclas;m;1
1;Nil;w;1
1;Nico;m;1
1;Nilay;w;1
1;Niels;m;1
1;Niyayesh;w;1
1;Nikithaan;m;1
1;Noa;w;1
1;Niko;m;1
1;Noelia;w;1
1;Nikodem;m;1
1;Nola;w;1
1;Nilay;m;1
1;Noomi;w;1
1;Nimer;m;1
1;Nur;w;1
1;Noah-Luan;m;1
1;Nuri;w;1
1;Noah-Nour;m;1
1;Nya;w;1
1;Noam;m;1
1;Ohemaa;w;1
1;Noar;m;1
1;Olga;w;1
1;Nooa;m;1
1;Palina;w;1
1;Nouh;m;1
1;Paloma;w;1
1;Noé;m;1
1;Patricia;w;1
1;Nuri;m;1
1;Pela;w;1
1;Odin;m;1
1;Pelin;w;1
1;Omed;m;1
1;Penelope;w;1
1;Omid;m;1
1;Peppina;w;1
1;Orla;m;1
1;Philia;w;1
1;Osman;m;1
1;Philippa;w;1
1;Owen;m;1
1;Pia;w;1
1;Oğuz;m;1
1;Pina;w;1
1;Paco;m;1
1;Pınar;w;1
1;Panagiotis;m;1
1;Precy;w;1
1;Patrice;m;1
1;Princess;w;1
1;Paul-Rune;m;1
1;Prudence;w;1
1;Pavel;m;1
1;Rachel;w;1
1;Philian;m;1
1;Ragad;w;1
1;Philip;m;1
1;Rahaf;w;1
1;Piero;m;1
1;Rania;w;1
1;Pietro;m;1
1;Ravza;w;1
1;Pit;m;1
1;Razija;w;1
1;Precious;m;1
1;Rebecca;w;1
1;Preston;m;1
1;Reem;w;1
1;Prince;m;1
1;Rejana;w;1
1;Quint;m;1
1;Reka;w;1
1;Radko;m;1
1;Remzie;w;1
1;Radwan;m;1
1;Rena;w;1
1;Ramesch;m;1
1;Reyhan;w;1
1;Rashid;m;1
1;Reyyan;w;1
1;Rayen;m;1
1;Ria;w;1
1;Rejhan;m;1
1;Rihab;w;1
1;Renas;m;1
1;Rital;w;1
1;Reyan;m;1
1;Rojava;w;1
1;Ridvan;m;1
1;Romav;w;1
1;Rion;m;1
1;Romina;w;1
1;Roan;m;1
1;Rosemarie;w;1
1;Robert;m;1
1;Roukaya;w;1
1;Rodja;m;1
1;Rozsa;w;1
1;Roland;m;1
1;Rubi;w;1
1;Romeo;m;1
1;Rumi;w;1
1;Ron;m;1
1;Runa;w;1
1;Rudi;m;1
1;Ruqaia;w;1
1;Runeas;m;1
1;Ryan;w;1
1;Rêvan;m;1
1;Rümeysa;w;1
1;Sa'd;m;1
1;Rüya;w;1
1;Saad;m;1
1;Sabina;w;1
1;Sadra;m;1
1;Sabrina;w;1
1;Salman;m;1
1;Sajra;w;1
1;Samuel-Nael;m;1
1;Saliha;w;1
1;Samy;m;1
1;Sally;w;1
1;Sanad;m;1
1;Salwa;w;1
1;Sander;m;1
1;Sama;w;1
1;Santino;m;1
1;Samar;w;1
1;Saubi;m;1
1;Samiya;w;1
1;Schahin;m;1
1;Sandra;w;1
1;Sean;m;1
1;Saphira;w;1
1;Sebastian;m;1
1;Sara-Liya;w;1
1;Selim;m;1
1;Savannah;w;1
1;Semih;m;1
1;Sedra;w;1
1;Serafim;m;1
1;Sefora;w;1
1;Sergio;m;1
1;Selda;w;1
1;Serhat;m;1
1;Selin;w;1
1;Serkan;m;1
1;Selina;w;1
1;Shahi;m;1
1;Selly;w;1
1;Shahoz;m;1
1;Selma;w;1
1;Shavin;m;1
1;Sema;w;1
1;Shayan;m;1
1;Serap;w;1
1;Shivaji;m;1
1;Seray-Hazal;w;1
1;Sidney;m;1
1;Setora;w;1
1;Simon;m;1
1;Shachar;w;1
1;Sinan;m;1
1;Sham;w;1
1;Sipan;m;1
1;Shirin;w;1
1;Soher;m;1
1;Simay;w;1
1;Suad;m;1
1;Sitra;w;1
1;Tadeo;m;1
1;Soad;w;1
1;Tamias;m;1
1;Sofie;w;1
1;Tanyel;m;1
1;Somaya;w;1
1;Tarık;m;1
1;Stine;w;1
1;Tarik;m;1
1;Sude;w;1
1;Tayfun;m;1
1;Suheyla;w;1
1;Tayo;m;1
1;Tala;w;1
1;Tchoudjang;m;1
1;Tali;w;1
1;Tengo;m;1
1;Talin;w;1
1;Terence-James;m;1
1;Talissa;w;1
1;Thiago;m;1
1;Taliya;w;1
1;Thies;m;1
1;Tamina;w;1
1;Thore;m;1
1;Tea;w;1
1;Thorge;m;1
1;Telja;w;1
1;Thorsten;m;1
1;Tenin-Maliyah;w;1
1;Thorvin;m;1
1;Teresa;w;1
1;Thorwin;m;1
1;Tessa-Marie;w;1
1;Théodore;m;1
1;Thalia;w;1
1;Till;m;1
1;Thaliya;w;1
1;Tilo;m;1
1;Theresa;w;1
1;Tim;m;1
1;Thilda;w;1
1;Timo;m;1
1;Tia;w;1
1;Timofej;m;1
1;Tilda;w;1
1;Timon;m;1
1;Tinka;w;1
1;Tinasha;m;1
1;Tjalda;w;1
1;Tommy;m;1
1;Tomma;w;1
1;Tomé;m;1
1;Toni;w;1
1;Tristan;m;1
1;Tonja;w;1
1;Tröster;m;1
1;Tulien;w;1
1;Turan;m;1
1;Tuğçe;w;1
1;Tyler-Jason;m;1
1;Ubu;w;1
1;Tymoteusz;m;1
1;Uliana;w;1
1;Tyron;m;1
1;Uma;w;1
1;Tyson;m;1
1;Ume;w;1
1;Ugur;m;1
1;Vaiana;w;1
1;Ukab;m;1
1;Valentina;w;1
1;Uras;m;1
1;Valicia;w;1
1;Valentino;m;1
1;Vigga;w;1
1;Valerio;m;1
1;Violetta;w;1
1;Vasile;m;1
1;Vitalina;w;1
1;Vasileios;m;1
1;Vivien;w;1
1;Vidojko;m;1
1;Vivienne;w;1
1;Vince;m;1
1;Wanda;w;1
1;Vito;m;1
1;Watin;w;1
1;Ward;m;1
1;Wendy;w;1
1;Wassim;m;1
1;Wika;w;1
1;Wilson;m;1
1;Wilhelmine;w;1
1;Wim;m;1
1;Yael;w;1
1;Yacine;m;1
1;Yakut;w;1
1;Yamaç;m;1
1;Yana;w;1
1;Yannick;m;1
1;Yasma;w;1
1;Yannik;m;1
1;Yasmin;w;1
1;Yannis;m;1
1;Yasmina;w;1
1;Yasa;m;1
1;Yassmin;w;1
1;Yaser;m;1
1;Ylvi;w;1
1;Yasser;m;1
1;Ylvie;w;1
1;Yavuz;m;1
1;Yma;w;1
1;Yağız;m;1
1;Yoana;w;1
1;Yehia;m;1
1;Yuki;w;1
1;Yoldaş;m;1
1;Zahara-Zara;w;1
1;Yordan;m;1
1;Zazou;w;1
1;Younghun;m;1
1;Zehra;w;1
1;Younis;m;1
1;Zeliha;w;1
1;Yousif;m;1
1;Zerrin;w;1
1;Yousuf;m;1
1;Zerya;w;1
1;Yunuscan;m;1
1;Zeyna;w;1
1;Yuri;m;1
1;Zeynab;w;1
1;Yusof;m;1
1;Zoe;w;1
1;Zac;m;1
1;Zoey-Isabella;w;1
1;Zaher;m;1
1;Zoi;w;1
1;Zahir;m;1
1;Zoë;w;1
1;Zain;m;1
1;Zuzana;w;1
1;Zaman;m;1
1;Zîlan;w;1
1;Zayne;m;1
1;Züleyha;w;1
1;Zerdan;m;1
1;Änny;w;1
1;Zeyn;m;1
1;Çınar;w;1
1;Çağan;m;1
1;Şevin;w;1
1;Étienne;m;1
1;Şura;w;1
1;Özgür;m;1
1;Ștefania-Larisa;w;1
1;Şükrü;m;1
